word,female_target,male_target,male_score
</s>,0.6836855782617429,0.6800251950325361,-0.0036603832292068095
a,0.9999414477577084,0.9999375566114593,-3.891146249102029e-6
abby,0.9997754887143067,0.9998362764290589,6.0787714752263966e-5
able,0.9999673175912572,0.9999451523650471,-2.2165226210124622e-5
about,0.9999044999176115,0.9999249607486365,2.046083102491547e-5
above,0.9999719742316858,0.9999396916946821,-3.228253700371386e-5
according,0.9999532229235434,0.9999465957895641,-6.627133979253408e-6
across,0.9999673330439351,0.9999456870970201,-2.1645946915005432e-5
act,0.9999459995439492,0.9999423265390697,-3.6730048795785564e-6
actually,0.9998682804971402,0.9999018801790999,3.3599681959706196e-5
added,0.9999707365892652,0.9999290561558816,-4.168043338359517e-5
address,0.999969947914029,0.9999186717406443,-5.127617338474e-5
adler,0.9999732213164633,0.9999328676090901,-4.0353707373208536e-5
afford,0.9999358106869076,0.9999402307320842,4.42004517653416e-6
afraid,0.9999418481245865,0.9999425601297217,7.120051351838796e-7
after,0.9999723973706919,0.9999269775152649,-4.541985542694249e-5
afternoon,0.9999735455376757,0.9999355259432093,-3.801959446636527e-5
again,0.999950459090873,0.9999452427100554,-5.216380817629762e-6
against,0.9999626873501896,0.9999472437216137,-1.54436285758619e-5
age,0.9999708653508688,0.9999241055508445,-4.6759800024220866e-5
agnes,0.9999672246992493,0.9999116578017325,-5.556689751673449e-5
ago,0.999919634173543,0.9999326205654727,1.2986391929703522e-5
ahead,0.999972839967767,0.9999350360257452,-3.780394202179682e-5
ai,0.999891421022104,0.9999158998026464,2.4478780542347423e-5
air,0.9999545346373181,0.9999452269920731,-9.30764524498251e-6
alan,0.999955824239096,0.9999455769594163,-1.0247279679687082e-5
alex,0.9999697604264405,0.9999419670361722,-2.7793390268260332e-5
alive,0.9999679599326269,0.9999449705299167,-2.2989402710171802e-5
all,0.9998618856468298,0.9998959713140738,3.408566724405482e-5
almost,0.9999297504887841,0.9999383228266264,8.572337842349675e-6
alone,0.9999726757330423,0.9999406110074547,-3.206472558758833e-5
along,0.9999466351567491,0.9999447297322858,-1.9054244633220918e-6
already,0.9999674502172419,0.9999462099048512,-2.1240312390702343e-5
also,0.9999336709531943,0.9999394887629717,5.817809777375338e-6
although,0.9999338786208453,0.9999402575458245,6.378924979233425e-6
always,0.9999148711106436,0.9999297890257653,1.4917915121759329e-5
am,0.9998466416924794,0.9998865314476527,3.9889755173327934e-5
america,0.9999636518635056,0.9999475704297169,-1.608143378861726e-5
american,0.9999704622164378,0.999944671208407,-2.579100803079548e-5
an,0.9999691039560222,0.9999276717824819,-4.1432173540356665e-5
ancient,0.9999725269409666,0.9999289907682782,-4.3536172688374286e-5
and,0.9999701441765438,0.9999347992290737,-3.53449474701506e-5
andreas,0.9999700240026883,0.9999186042770449,-5.141972564337571e-5
anne,0.9999471543773363,0.9998743639356035,-7.279044173280624e-5
another,0.9999719296200075,0.9999241549237179,-4.7774696289581975e-5
answer,0.9999624240624888,0.9999006307162575,-6.179334623135357e-5
answered,0.999958689033416,0.999892937461811,-6.575157160504386e-5
any,0.9999559065016618,0.9999450121234715,-1.0894378190240417e-5
anyone,0.9999725266746115,0.9999314361809166,-4.1090493694828645e-5
anything,0.9999654161913145,0.9999474962833655,-1.7919907948971137e-5
anyway,0.999929145806566,0.999937161895706,8.01608914002827e-6
apartment,0.9999693412905067,0.9999456349824705,-2.370630803627538e-5
appeared,0.9999676158185473,0.9999459891787134,-2.1626639833960404e-5
are,0.9999591537601993,0.9998943484741554,-6.480528604391189e-5
area,0.9999707205327751,0.999922055383397,-4.8665149378179784e-5
aris,0.9999645049868948,0.9999461394137518,-1.8365573143053204e-5
arm,0.9999427666373262,0.9999420293179613,-7.373193648962939e-7
arms,0.9999631190610784,0.9999461858964833,-1.693316459505656e-5
armstrong,0.9999714171997437,0.9999438586221898,-2.7558577553876695e-5
around,0.9999646877341191,0.9999469352702586,-1.7752463860487566e-5
arrived,0.999970981308139,0.9999210970929563,-4.988421518270503e-5
art,0.9999713699856525,0.999937569523323,-3.380046232948075e-5
as,0.9999617238744835,0.9999429993038237,-1.872457065976718e-5
aside,0.9999727633830083,0.9999400258330584,-3.273754994992384e-5
ask,0.9999514199106363,0.9999418919499442,-9.527960692090609e-6
asked,0.9999726278228535,0.9999327013435847,-3.992647926875925e-5
asking,0.9999570839957144,0.9999465043782564,-1.0579617457984192e-5
asks,0.9999627925830918,0.9999426193651086,-2.0173217983199265e-5
asleep,0.9999725931113073,0.9999401800569814,-3.241305432588604e-5
at,0.9999559392901289,0.9999440334782597,-1.1905811869272753e-5
attack,0.9999472234802094,0.9999434835918498,-3.739888359555188e-6
attention,0.9999733173824895,0.9999368323682291,-3.6485014260456694e-5
aunt,0.9999618015690277,0.9999459278877537,-1.5873681273981255e-5
away,0.9998887561281234,0.9999142243820371,2.5468253913696337e-5
baby,0.9997785811176726,0.9998384232291478,5.984211147525009e-5
back,0.9998652964793956,0.9998988130477718,3.351656837624617e-5
bad,0.9999231433932507,0.9999330157980397,9.872404789001976e-6
bag,0.9998897964826557,0.9999143387091619,2.4542226506163445e-5
bar,0.9999632365928678,0.9999435145348973,-1.972205797051707e-5
bathroom,0.9999451315129413,0.9999452968675078,1.6535456648369973e-7
be,0.9999538768179527,0.9998895240531076,-6.435276484506591e-5
beach,0.9999721478857699,0.9999381274868003,-3.402039896960307e-5
beautiful,0.9999186350154534,0.9999325631024786,1.392808702516124e-5
became,0.99997284511551,0.999934674406696,-3.817070881395601e-5
because,0.9999730620499626,0.9999346744532509,-3.838759671170866e-5
become,0.9999724050466882,0.9999393863801858,-3.301866650240459e-5
bed,0.9999640722026958,0.9999084772999636,-5.559490273221446e-5
bedroom,0.9999653445713031,0.9999475627529462,-1.7781818356987777e-5
been,0.9999263065350568,0.9998408592553327,-8.544727972403798e-5
beer,0.9999311383307936,0.9998476382792981,-8.350005149548867e-5
before,0.9999696351122555,0.999918208181919,-5.142693033644008e-5
began,0.9999712921048697,0.9999251609170764,-4.613118779328573e-5
behind,0.9999724000625607,0.9999295846349696,-4.281542759110302e-5
being,0.9999722276683667,0.9999333703563572,-3.885731200947706e-5
believe,0.9999654955554871,0.9999081990110623,-5.7296544424767504e-5
believed,0.9999680849206576,0.999914088902913,-5.399601774458418e-5
belly,0.9999338763157128,0.9999386947266151,4.818410902274195e-6
below,0.9999620725076874,0.9999471137700375,-1.4958737649894971e-5
beneath,0.9999640857318557,0.9999046995983858,-5.938613346989641e-5
beside,0.9999707993134164,0.9999215454929086,-4.9253820507799695e-5
best,0.9999687192838342,0.9999163345866153,-5.238469721891015e-5
beth,0.9999679626180217,0.9999154619357173,-5.250068230433502e-5
better,0.99995819629998,0.9998925874532362,-6.560884674378098e-5
between,0.9999449935393584,0.9998697439694773,-7.524956988114173e-5
beyond,0.9999710685322685,0.9999427832478017,-2.828528446674472e-5
big,0.9997628419417541,0.9998250274047016,6.218546294745053e-5
billy,0.9997042966638424,0.9997812474166865,7.695075284408492e-5
bit,0.999901566158463,0.9999218493545835,2.0283196120463032e-5
black,0.9998209641574516,0.9998691050623393,4.8140904887694624e-5
blood,0.9998874492543667,0.9999147975210074,2.734826664074763e-5
blue,0.9999529668935394,0.9999451408777559,-7.826015783529705e-6
board,0.9999528389461084,0.9999464703918453,-6.3685542631697345e-6
bobby,0.9997094123340232,0.9997859371313196,7.65247972963623e-5
body,0.9998422936259705,0.9998849779278933,4.268430192277961e-5
book,0.9998682597563733,0.9999022996764866,3.403992011330459e-5
books,0.9999170125279268,0.9999315714085996,1.4558880672810304e-5
born,0.9999710965315778,0.999937863413751,-3.323311782676974e-5
both,0.9999468889531059,0.9999447264686574,-2.1624844485090833e-6
bottle,0.9999673404819628,0.9999459262133633,-2.1414268599473374e-5
bought,0.9999180571648615,0.9999324588578219,1.4401692960408496e-5
box,0.9998136382627835,0.9998634654530769,4.982719029344995e-5
boy,0.9997661071377619,0.9998306393705823,6.453223282032461e-5
boys,0.9998898424596664,0.9999162012719693,2.635881230295123e-5
br,0.999957116103336,0.9999154983738382,-4.161772949784481e-5
brain,0.9999664773559476,0.9999457871683356,-2.069018761197139e-5
bread,0.9999712549756601,0.9999238140173585,-4.744095830155892e-5
breath,0.9999721163459248,0.9999254628054473,-4.6653540477503697e-5
bright,0.9999587438346447,0.99994682506886845,-1.1918765776219864e-5
bring,0.9999654085196676,0.9999449976648389,-2.041085482873406e-5
broke,0.999972764261715,0.9999356234570532,-3.714080466177272e-5
broken,0.9999707360366952,0.999922413158521,-4.8322878174134054e-5
brother,0.9999715260087765,0.999923314370682,-4.821163809443085e-5
brought,0.9999473353137599,0.9999451653437409,-2.1699700190058735e-6
brown,0.9999704901753936,0.9999408670877529,-2.9623087640762158e-5
building,0.9998858855187143,0.999913476463178,2.75909444636957e-5
built,0.999836431509669,0.9998802008211131,4.376931144400853e-5
business,0.9999726360577001,0.9999370420405234,-3.5594017176787673e-5
busy,0.9998010970349731,0.9998545677446076,5.347070963446221e-5
but,0.9998517688489119,0.9998897192396596,3.7950390747720775e-5
buy,0.9993525876452529,0.9994896415318207,1.3705388656781725e-4
by,0.9992393914315164,0.9993894382019157,1.500467703993147e-4
ca,0.9999115340348445,0.9999252575097997,1.3723474955207315e-5
call,0.9998465448085421,0.9998859444981747,3.93996896326243e-5
called,0.999959478524035,0.9999465860676753,-1.2892456359714366e-5
calling,0.9999142790213789,0.9999296238643356,1.5344842956732663e-5
calls,0.999909117419567,0.9999258877528604,1.677033329339217e-5
came,0.9999676871992443,0.9999444021781592,-2.3285021085173163e-5
can,0.9999673683089078,0.9999389124487497,-2.8455860158094204e-5
caprino,0.9999290368530315,0.9999380187899819,8.981936950425151e-6
car,0.9999643017555522,0.9999420056073525,-2.229614819970749e-5
care,0.9999683690461014,0.9999149392733637,-5.342977273770089e-5
carefully,0.9999336567976588,0.9999394504457298,5.793648071072965e-6
carrying,0.9999630615098942,0.9999467838218524,-1.6277688041799188e-5
carter,0.9999685969435937,0.9999146279307083,-5.3969012885457524e-5
case,0.9999720019043384,0.9999270975899566,-4.490431438186615e-5
catch,0.9999491716608664,0.9999438800502198,-5.291610646551703e-6
caught,0.9999315251355377,0.9999384820673142,6.956931776436193e-6
celeste,0.9999623354636056,0.9999003498246137,-6.198563899184606e-5
certain,0.9999733690164423,0.9999315777825121,-4.179123393022177e-5
chair,0.9999573254308642,0.9999467091393244,-1.0616291539866651e-5
change,0.9999712108035363,0.999923709432678,-4.750137085829387e-5
changed,0.9999725660222659,0.999928607799711,-4.395822255487403e-5
check,0.9999701428758483,0.9999320790597731,-3.80638160751845e-5
chen,0.9999494862361745,0.999878535091589,-7.095114458555152e-5
cherry,0.999968403124661,0.9999156549187815,-5.274820587941598e-5
chest,0.9999694688230847,0.9999171970830677,-5.227174001698476e-5
child,0.9999048803939021,0.9999241878682117,1.9307474309560035e-5
children,0.9999737422803866,0.9999354838156166,-3.825846477001349e-5
choice,0.999963480999893,0.9999469850920353,-1.649590785768318e-5
church,0.9999548259233124,0.9999435661367975,-1.1259786514949965e-5
cigarette,0.9999736051061425,0.9999318565653265,-4.1748540816066715e-5
city,0.9998608532901919,0.9998961595044713,3.530621427938474e-5
class,0.999949324728935,0.9999437692404557,-5.555488479358495e-6
clean,0.9999727887431252,0.9999339298529458,-3.885889017940514e-5
clear,0.9999729176227672,0.9999368660225689,-3.605160019826137e-5
clearly,0.9999571841426438,0.9999465639891723,-1.0620153471530003e-5
cliff,0.9997156499029858,0.9997888066138015,7.315671081575825e-5
close,0.9999695182825594,0.9999447608882563,-2.4757394303076552e-5
closed,0.9999689613359308,0.9999452787273104,-2.368260862040117e-5
closer,0.9999732882451446,0.9999391206798824,-3.416756526219977e-5
clothes,0.9999716544769852,0.9999437711794391,-2.788329754610519e-5
coat,0.9999380905400834,0.9999414891926051,3.3986525216356256e-6
coffee,0.9999721049006836,0.9999359049793373,-3.6199921346291575e-5
cold,0.9998878373121036,0.9999140986415984,2.6261329494792207e-5
college,0.999970417114605,0.9999435510535704,-2.686606103463607e-5
color,0.9999282962229765,0.99993718771343,8.891490453466488e-6
come,0.9999615445728157,0.9999471790129345,-1.436555988121313e-5
comes,0.9999684531348547,0.9999455674129184,-2.288572193631655e-5
comfort,0.9999249544979633,0.9999359680193745,1.1013521411196159e-5
coming,0.9999127148005056,0.9999297215063355,1.700670582993613e-5
company,0.9998498543440731,0.9998908309111496,4.097656707646724e-5
continued,0.9999715763283692,0.9999427339171804,-2.8842411188834127e-5
cool,0.9998724542206442,0.9999048661859556,3.241196531145185e-5
corner,0.9999622119938748,0.9999007057406079,-6.150625326695192e-5
costa,0.9999520516943311,0.9999459802742802,-6.0714200509348615e-6
couch,0.9998828952387101,0.999911036075002,2.8140836291878912e-5
could,0.9998478057721928,0.9998882725627106,4.046679051783464e-5
country,0.9999512126212433,0.9999461645281584,-5.048093084880634e-6
couple,0.9998989625048927,0.9999213922371056,2.2429732212891906e-5
course,0.9999724183898787,0.9999412110152566,-3.120737462214418e-5
covered,0.9999624193740295,0.9999008097620568,-6.160961197276826e-5
creature,0.9999700782028749,0.9999179528701495,-5.212533272536124e-5
cross,0.99996958172952,0.9999422090451351,-2.7372684384907586e-5
crowd,0.9999564844649511,0.9999457399858925,-1.074447905857756e-5
cry,0.9999228556626497,0.9999283777172429,5.522054593143366e-6
crying,0.9999507227102411,0.9999449659906146,-5.7567196265484455e-6
crystal,0.9999490965260558,0.9999450613295824,-4.035196473406444e-6
cut,0.9998827937080801,0.9999091022121764,2.630850409635066e-5
d,0.9999131672930816,0.9999124783656536,-6.889274279942015e-7
dad,0.9999486906293575,0.9999412459179048,-7.444711452753161e-6
daddy,0.9999255392222555,0.9999334823618768,7.943139621380269e-6
damn,0.9999579171830573,0.999945928158284,-1.1989024773284562e-5
danny,0.9999703583508082,0.9999391982745374,-3.116007627079753e-5
dark,0.9999640532422986,0.9999437194929932,-2.0333749305434523e-5
daughter,0.999973613048162,0.9999392792725914,-3.433377557060524e-5
day,0.999887422559777,0.9999134180837832,2.5995524006172666e-5
days,0.9999357873266352,0.999939613162826,3.825836190740617e-6
dead,0.9999709511979786,0.9999260596745865,-4.48915233921543e-5
deal,0.999971688521431,0.9999407312463945,-3.0957275036547216e-5
dear,0.999965771815399,0.9999082006854578,-5.757112994120295e-5
death,0.9999725142808591,0.9999278006345739,-4.4713646285221564e-5
decided,0.9999711380936318,0.9999260576399808,-4.50804536510363e-5
decision,0.9999688673371645,0.999945859143752,-2.3008193412499267e-5
deep,0.9999691778193724,0.9999185451790478,-5.063264032467707e-5
desk,0.9999654482210217,0.9999089923806597,-5.645584036206852e-5
despite,0.9999733065887324,0.9999384727408481,-3.483384788427468e-5
did,0.9999171781310525,0.9999282171093912,1.1038978338651084e-5
die,0.9999720179138816,0.9999326668992836,-3.935101459795476e-5
died,0.999971435246396,0.9999349178616982,-3.6517384697787314e-5
different,0.9999713822655202,0.9999227342774784,-4.8647988041827794e-5
dinner,0.9999584693682381,0.9998937500411721,-6.471932706597627e-5
direction,0.9999712926509419,0.9999440985391613,-2.7194111780537433e-5
dirt,0.9999661944701518,0.999945001086028,-2.119338412376326e-5
do,0.9999309407075919,0.9999369116099142,5.970902322238736e-6
doctor,0.999955671501569,0.9999466900525293,-8.981449039713318e-6
does,0.9999721576663072,0.9999276553980336,-4.450226827357184e-5
dog,0.9999197003051563,0.9999313268318494,1.1626526693064854e-5
doing,0.9999511885111212,0.9999458875725163,-5.3009386048463725e-6
done,0.9999669490119667,0.9999126534067166,-5.429560525005428e-5
door,0.9999543701900108,0.9999457656840111,-8.604505999709744e-6
doors,0.9999634308863753,0.9999466203511758,-1.6810535199529575e-5
doubt,0.9999060613374728,0.9999254711834642,1.940984599135831e-5
down,0.9999666764473326,0.9999437556599119,-2.2920787420721567e-5
dozen,0.9999666592578083,0.9999123558533597,-5.430340444856352e-5
dr,0.999958617139891,0.999901418686273,-5.719845361795706e-5
dream,0.9999732006162024,0.999933550554267,-3.9650061935403436e-5
dreams,0.9999734852066623,0.9999328927879285,-4.059241873377584e-5
dress,0.9999558245083527,0.9998878090156201,-6.801549273260932e-5
dressed,0.9999545011344725,0.9998851949743073,-6.930616016520563e-5
dresses,0.9999509300836479,0.9998787778429318,-7.215224071610571e-5
drink,0.999970379672193,0.9999399684545326,-3.0411217660453183e-5
drive,0.999966974814964,0.9999113726821053,-5.560213285871196e-5
driver,0.9999624218260074,0.999900746284661,-6.167554134639541e-5
dropped,0.9999421188902088,0.9999426577704456,5.388802367667367e-7
drove,0.9999654526584869,0.9999081021036308,-5.7350554856117064e-5
during,0.999959633837777,0.9999466335738925,-1.3000263884510588e-5
dust,0.9999523827874353,0.9999442130724354,-8.169714999839428e-6
dusty,0.9999249823041603,0.9999345461460915,9.56384193118165e-6
e,0.9998957908646526,0.9997968269446084,-9.896392004427046e-5
each,0.9999713450975165,0.9999257566448035,-4.558845271296352e-5
ear,0.9999584382013135,0.9998930106155495,-6.542758576399965e-5
early,0.999970457721644,0.9999436250963067,-2.6832625337203098e-5
ears,0.9999633403929773,0.9999021311860377,-6.12092069396386e-5
earth,0.9999682379729915,0.9999134318933767,-5.480607961483308e-5
easy,0.9999725792146201,0.9999380309128064,-3.454830181370827e-5
eat,0.9999703686238199,0.9999209893971651,-4.9379226654822084e-5
edge,0.9999471466252845,0.9998732517670474,-7.389485823705577e-5
edward,0.9999712176184834,0.999923574728292,-4.764289019143497e-5
eight,0.9999732391438307,0.9999381601568321,-3.507898699861567e-5
either,0.9999637563708581,0.9999028536509588,-6.0902719899336155e-5
else,0.9999577166011806,0.9998916329768898,-6.608362429083581e-5
empty,0.9999215516889656,0.9999338425360108,1.229084704523764e-5
end,0.9999334532661497,0.9998521769640819,-8.12763020677787e-5
ended,0.9999391025934397,0.9998604237053236,-7.867888811607937e-5
english,0.9999737829681786,0.9999373048939475,-3.64780742311277e-5
enough,0.9999729648777687,0.9999379176815554,-3.504719621327812e-5
entire,0.99995671180236,0.9998892725279249,-6.743927443508824e-5
especially,0.9999495793637029,0.9999457249878565,-3.8543758463793765e-6
even,0.9998862127107455,0.9997828419539163,-1.0337075682920194e-4
evening,0.9999491190794194,0.9998768044010589,-7.231467836055216e-5
ever,0.9998937059283787,0.9997923859894492,-1.0131993892947833e-4
every,0.9999380280579013,0.9998582966763536,-7.973138154770965e-5
everybody,0.9999729671949701,0.9999365025334904,-3.646466147966265e-5
everyone,0.9999518281511972,0.9998810658215043,-7.07623296929416e-5
everything,0.9999691903404966,0.9999156815989367,-5.350874155984897e-5
exactly,0.9999543244236561,0.9999463033444399,-8.021079216158356e-6
except,0.999972417008495,0.9999337601917473,-3.865681674775079e-5
expect,0.9999724722189282,0.9999348543824657,-3.7617836462500165e-5
explain,0.9999486206637855,0.9999452982003173,-3.3224634682360588e-6
eye,0.9999502964619951,0.9998793781436406,-7.091831835448481e-5
eyes,0.9999577560940296,0.9998920366156349,-6.571947839473236e-5
face,0.9999693354189948,0.9999420054471271,-2.7329971867717795e-5
faces,0.9999721661503329,0.9999392640028281,-3.2902147504842993e-5
fact,0.9999212781013741,0.9999323858379513,1.1107736577198324e-5
fair,0.9999347277714833,0.9999392720031371,4.5442316538579774e-6
fall,0.999832437676922,0.9998763833210459,4.3945644123910554e-5
family,0.9997642345769848,0.9998280700557077,6.383547872290674e-5
far,0.9999549239085362,0.9999440014544287,-1.0922454107498147e-5
fast,0.9999545048297238,0.999945051493849,-9.453335874765045e-6
father,0.9999728624238888,0.9999281423463886,-4.472007750022655e-5
favorite,0.9999706485971834,0.9999447861107147,-2.5862486468741785e-5
fear,0.99997006075877,0.9999195544560783,-5.050630269176626e-5
feel,0.9999658804994243,0.9999099838952468,-5.589660417748554e-5
feeling,0.9999732182002412,0.9999318787852267,-4.133941501449634e-5
feet,0.9999559611017038,0.9998887181518663,-6.724294983750934e-5
fell,0.9999553997331403,0.9999444663186214,-1.0933414518854434e-5
felt,0.9999707718409145,0.99994031522178906,-3.045661912548514e-5
few,0.9999667029388231,0.9999154395048799,-5.126343394312727e-5
fight,0.9999257646153208,0.9999353701418346,9.605526513856155e-6
figure,0.9999635193696168,0.999946547776927,-1.6971592689762893e-5
filled,0.9999428395268652,0.9999425736225511,-2.6590431412287785e-7
film,0.9997030898829313,0.9997802013786028,7.711149567146691e-5
finally,0.9998825631765811,0.9999114492030435,2.8886026462449088e-5
find,0.9999489016264972,0.999943639662341,-5.261964156177967e-6
fine,0.9999719866766321,0.9999295033338248,-4.2483342807320135e-5
finger,0.9999726164746605,0.999928368974401,-4.424750025955326e-5
fingers,0.9999724955684186,0.9999264853308868,-4.601023753181277e-5
finished,0.9999719634669078,0.999942202735284,-2.976073162375137e-5
fire,0.999972563791858,0.9999310435585069,-4.1520233351022284e-5
first,0.9999613412058915,0.9999458411350781,-1.5500070813412314e-5
fish,0.9999394878538649,0.9999406720949983,1.1842411333784497e-6
fit,0.9998905083658243,0.9999144960892199,2.3987723395624272e-5
five,0.9999705770309903,0.9999334784332464,-3.70985977439231e-5
floor,0.9999168378725483,0.9999313095346402,1.4471662091897208e-5
follow,0.9998509327722278,0.9998905242973593,3.9591525131443817e-5
followed,0.9999429625266499,0.9999436085629299,6.460362799165509e-7
following,0.9998996081117193,0.9999221471169166,2.2539005197330653e-5
food,0.9998932616835976,0.9999179791410286,2.471745743104492e-5
foot,0.999916040374305,0.999930907078281,1.486670397599088e-5
for,0.9999517451712886,0.9999441803987588,-7.564772529833341e-6
forehead,0.9999726312591363,0.9999265365544865,-4.6094704649779494e-5
form,0.9999126000618173,0.9999287842093151,1.6184147497821932e-5
forward,0.9999628065248028,0.9999467905672732,-1.6015957529647018e-5
found,0.9999327702211753,0.9999391159541572,6.345732981860586e-6
four,0.9999021723212043,0.9999225089756137,2.0336654409480737e-5
frank,0.9999694271732859,0.9999411573698158,-2.8269803470037935e-5
free,0.9999383179737411,0.9998582790605156,-8.003891322549972e-5
friend,0.99997138468160085,0.9999234744821982,-4.7910199402645404e-5
friends,0.9999720404488319,0.999924759346127,-4.728110270491026e-5
from,0.9998958605372247,0.9999194097852511,2.3549248026388803e-5
front,0.9999703693984033,0.9999431776093034,-2.7191789099934027e-5
fuck,0.999592456930535,0.9996895136811034,9.705675056836949e-5
fucking,0.9998762375817862,0.9999067074958639,3.0469914077624338e-5
fudge,0.9999621891530865,0.9999453668007062,-1.682235238031904e-5
full,0.9996474016548242,0.9997346093227018,8.720766787750911e-5
further,0.999972261600494,0.9999263849801482,-4.587662034583051e-5
future,0.9999667456062689,0.999944766951764,-2.1978654504817285e-5
game,0.999968835583743,0.9999443399328138,-2.4495650929212687e-5
garden,0.9999659672245915,0.9999086070832055,-5.73601413860203e-5
gave,0.9999666788265652,0.9999121514649344,-5.452736163080729e-5
gaze,0.9999703497873128,0.9999242647723858,-4.6085014926977586e-05
george,0.9999667199963606,0.9999101167372811,-5.660325907941299e-5
georgia,0.9999676616500095,0.9999465477599732,-2.1113890036339455e-5
get,0.9999657342395342,0.9999088126179104,-5.692162162374004e-5
gets,0.9999670811328207,0.9999109709948408,-5.6110137979903385e-5
getting,0.9999729352690514,0.9999349140731585,-3.8021195892912196e-5
girl,0.999921777914095,0.9999319050852482,1.0127171153229142e-5
girls,0.9999479908150685,0.9999437058028149,-4.285012253579801e-6
give,0.9999701766970228,0.9999247494513236,-4.5427245699225516e-5
given,0.9999652537417989,0.9999086158723639,-5.663786943499449e-5
giving,0.9999418154247967,0.9999403267048508,-1.488719945874628e-6
glanced,0.999971995666991,0.9999412387353006,-3.075693169041216e-5
glass,0.9999518728243921,0.9999443431502051,-7.529674187045643e-6
go,0.9999015090447347,0.9999207414614689,1.9232416734182856e-5
god,0.9999220210775425,0.9999325337906778,1.051271313534663e-5
goes,0.999973154934557,0.9999332593289694,-3.989560558759209e-5
going,0.9999403654476905,0.9999415990748963,1.2336272058321995e-6
gold,0.9998939243183329,0.9999176106366872,2.368631835425461e-5
golden,0.999972686376362,0.9999395028118374,-3.318356452464144e-5
gon,0.9999642750575053,0.9999436783597463,-2.059669775900108e-5
gone,0.9999687414215938,0.9999168858838313,-5.185553776243523e-5
good,0.9999152195851466,0.9999300189457584,1.479936061177245e-5
got,0.9999338386877105,0.9999382060664813,4.367378770853136e-6
grass,0.9999718983713405,0.9999368565315521,-3.5041839788418905e-5
gray,0.9999387713295503,0.9999400600331149,1.2887035645281486e-6
great,0.9999711410907968,0.9999215091291151,-4.9631961681617653e-5
greek,0.9999455840313647,0.9998700429366653,-7.554109469942727e-5
green,0.9999257988308057,0.9998388135560772,-8.69852747285016e-5
grew,0.9999578316152937,0.9998920551216927,-6.57764936010663e-5
ground,0.9999636375062869,0.9999466224397107,-1.7015066576253624e-5
group,0.9998292745519957,0.9998748352213369,4.556066934124914e-5
grown,0.9999714149234622,0.999939074451186,-3.23404722761822e-5
guess,0.9999723407078515,0.999931659248283,-4.068145956848124e-5
gun,0.9999449724268886,0.9999398572020155,-5.1152248731201055e-6
guy,0.9995329332058109,0.9996404214525482,1.0748824673723067e-4
h,0.999952037804712,0.999907482081922,-4.455572278994069e-5
had,0.9999587133225307,0.9999455085749119,-1.3204747618789092e-5
hair,0.9999631145551938,0.9999468875353437,-1.6227019850156843e-5
half,0.9999094576136797,0.9999269584097654,1.7500796085756498e-5
hall,0.9999119529186224,0.9999277321341059,1.5779215483457953e-5
hand,0.9999717195692779,0.9999343845350818,-3.733503419611761e-5
hands,0.999972391894146,0.9999316417470395,-4.075014710647196e-5
hanging,0.9999695234665322,0.999943638551712,-2.5884914820251126e-5
happen,0.999956650191785,0.9999469892158066,-9.66097597843163e-6
happened,0.9999719385886441,0.99994168682923,-3.0251759414068324e-5
happy,0.9996349985949309,0.9997263516595793,9.135306464846948e-5
hard,0.9999721136507094,0.9999367337645784,-3.537988613100396e-5
has,0.9999689157185165,0.9999422294071793,-2.6686311337287272e-5
hat,0.9999669499334148,0.9999451337290391,-2.1816204375690873e-5
have,0.999959643277512,0.9998966595088405,-6.298376867142075e-5
having,0.9999679323252927,0.9999451004546586,-2.2831870634121287e-5
he,0.9999397306856951,0.99986243374143,-7.729694426505951e-5
head,0.9999709911622533,0.9999234925105802,-4.7498651673083536e-5
heads,0.9999713140003762,0.9999229609152129,-4.835308516326631e-5
hear,0.9999636127262277,0.9999033295394357,-6.028318679196509e-5
heard,0.9999674861991261,0.9999119511659109,-5.553503321520381e-5
heart,0.9999682743093896,0.999913563288561,-5.47110208286572e-5
heat,0.9999711234055789,0.9999224613614102,-4.866204416875686e-5
heavy,0.999972095857095,0.9999308652827411,-4.1230574353900984e-5
held,0.999971907894933,0.9999284139803584,-4.349391457458829e-5
hell,0.9999698785709329,0.99994129287835265,-2.8585692580240796e-5
help,0.9999545096567699,0.9999459293947794,-8.580261990465132e-6
hen,0.9999259754152717,0.9998405212220165,-8.545419325522996e-5
her,0.9999337103431815,0.9998509722235949,-8.27381195865895e-5
here,0.999921989333534,0.9998332191505633,-8.877018297070993e-5
hers,0.9999464804824435,0.9998712694923081,-7.521099013541033e-5
herself,0.9999671172282417,0.9999103732981035,-5.674393013821444e-5
hey,0.9999693606969176,0.999920888575735,-4.847212118253008e-5
high,0.9999476447581338,0.9999432787955174,-4.36596261643718e-6
him,0.9998566620464739,0.9998948839301989,3.8221883724931516e-5
himself,0.9999564607530038,0.9999473790620854,-9.081690918399943e-6
his,0.9999541843167536,0.999944874352388,-9.309964365655787e-6
history,0.9999552600445719,0.9999474889845469,-7.771060025030252e-6
hit,0.9999529926093602,0.9999451754998172,-7.81710954300685e-6
hold,0.9999326950713258,0.9999389380099766,6.242938650813379e-6
holding,0.9999471969136278,0.9999455455639277,-1.6513497000936184e-6
home,0.99997175201937,0.9999421300761936,-2.9621943176461052e-5
hope,0.9999616665995354,0.9999474900376958,-1.417656183966276e-5
hoping,0.9999117139857354,0.9999292598960238,1.7545910288352395e-5
hospital,0.9999114800212622,0.999929042597653,1.756257639085046e-5
hot,0.9999616802828533,0.9999467361716179,-1.4944111235370983e-5
hotel,0.9999719613075778,0.999942417376291,-2.954393128684618e-5
hour,0.9999527282070909,0.9999458767671034,-6.851439987465291e-6
hours,0.9999634242675652,0.9999468996255046,-1.6524642060589123e-5
house,0.9999720060547971,0.9999419831483383,-3.0022906458815335e-5
how,0.9999484533331773,0.9999442017986325,-4.251534544752467e-6
however,0.9999585234231978,0.9998931237855675,-6.539963763030343e-5
human,0.999943410030686,0.9999438382201745,4.2818948853273753e-7
hundred,0.9999679192334601,0.9999142801484733,-5.36390849867896e-5
hung,0.9999626231850849,0.9999439467610534,-1.867642403152736e-5
hungry,0.9999629399840377,0.9999466065057916,-1.6333478246144395e-5
hurt,0.9999681005412263,0.9999432948846989,-2.480565652740463e-5
husband,0.9999637027098494,0.9999473232655209,-1.6379444328418202e-5
i,0.9997416303020734,0.9998062397327556,6.460943068220537e-5
idea,0.9999714721793568,0.9999420904975954,-2.9381681761364575e-5
if,0.999732513380157,0.9998006442403339,6.813086017687375e-5
imagine,0.9999616622238374,0.9999478228049985,-1.3839418838923478e-5
imagined,0.9999621055565603,0.9999479154552211,-1.4190101339184302e-5
immediately,0.9999520710520011,0.9999468034309258,-5.267621075333295e-6
important,0.9999399277208247,0.9999429258290932,2.9981082684260585e-6
in,0.9999605909854513,0.9999410871635597,-1.9503821891642126e-5
including,0.9999335248554736,0.9999394895615976,5.96470612401756e-6
indeed,0.9999625153707228,0.9999018208930585,-6.0694477664324786e-5
inside,0.9999728354142321,0.9999365585669767,-3.627684725537872e-5
instead,0.9999736022631643,0.9999333657206659,-4.023654249840636e-5
into,0.9999575090557578,0.9999470977844068,-1.0411271350929674e-5
is,0.9999340480993023,0.9999361530079747,2.104908672362349e-6
island,0.9999579395732167,0.9999471455492261,-1.0794023990512436e-5
it,0.9999278646102201,0.9999349622766727,7.097666452571261e-6
its,0.9999549243278781,0.9999444432518133,-1.0481076064827732e-5
itself,0.9999663556500165,0.9999463631343837,-1.9992515632782926e-5
jack,0.9998825067293107,0.9999082822699384,2.5775540627770432e-5
jacket,0.9999714464726984,0.9999393082939823,-3.2138178716167864e-5
jackson,0.9999595444998884,0.9999469401513948,-1.2604348493594486e-5
jane,0.9999555573747336,0.9998893710415937,-6.618633313992817e-5
jesse,0.9999393360530753,0.999860065500998,-7.927055207723743e-5
jim,0.9996860126192705,0.9997655200438116,7.950742454110316e-5
job,0.9998486498300239,0.9998876960685694,3.904623854555922e-5
john,0.9999701205147878,0.9999368536955828,-3.32668192050134e-5
johnnie,0.9999709635625439,0.9999237391348701,-4.722442767379764e-5
joseph,0.9999660299435329,0.9999467657663574,-1.9264177175459807e-5
journey,0.9999723021702328,0.9999402081061526,-3.209406408022364e-5
just,0.9999484932733069,0.9999424864921818,-6.006781125167393e-6
kasim,0.9998954433583795,0.9999188489407879,2.3405582408320136e-5
keep,0.9999703757481948,0.9999235282155836,-4.68475326111939e-5
kept,0.9999610735906239,0.999945460277691,-1.5613312932871715e-5
kid,0.9998667512524493,0.9998982298104264,3.1478557977138166e-5
kids,0.9999345215023239,0.9999379779694929,3.4564671690384685e-6
killed,0.9999487375667355,0.9999442283149176,-4.509251817941262e-6
kind,0.9999559838251234,0.9999442388073069,-1.1745017816533476e-5
kitchen,0.9999731971915873,0.9999347478471454,-3.844934444185988e-5
knees,0.9999372608201967,0.9998568609420676,-8.039987812913374e-5
knew,0.9999508491836625,0.9998812662344465,-6.958294921599606e-5
know,0.999959734660286,0.9999452657008926,-1.446895939338777e-5
knowing,0.9999615836110632,0.999946840730916,-1.4742880147244897e-5
known,0.999970409130978,0.9999365953006093,-3.3813830368711884e-5
knows,0.9999670983383554,0.9999447473403817,-2.2350997973652476e-5
lacey,0.9999543405700327,0.9999461837085888,-8.156861443953112e-6
lady,0.9998699357243247,0.9999027999751087,3.2864250783970483e-05
land,0.9999627952912991,0.9999459507118125,-1.6844579486585687e-5
large,0.9999732735727886,0.9999362934610321,-3.6980111756568235e-5
last,0.9999534974758981,0.999945277128536,-8.220347362142277e-6
late,0.9999719686885098,0.9999408493694107,-3.111931909904886e-5
later,0.9999733463551188,0.9999318430400891,-4.150331502972282e-5
laughed,0.9999628871740224,0.9999475282473328,-1.5358926689579278e-5
lay,0.9998149397089484,0.9998647142227415,4.977451379306608e-5
leaned,0.9999664553702807,0.9999099119226211,-5.654344765959607e-5
least,0.9999730583924185,0.9999379833639827,-3.507502843580479e-5
leather,0.9999693934647276,0.9999159976993701,-5.3395765357455716e-5
leave,0.9999639200177033,0.9999046698090845,-5.925020861874408e-5
leaves,0.9999660033595263,0.9999085891467382,-5.741421278815384e-5
leaving,0.9999722272143209,0.9999410204341018,-3.120678021906187e-5
led,0.9999710244786706,0.9999275887870696,-4.3435691601034776e-5
left,0.9999709786483814,0.9999402944189237,-3.0684229457622614e-5
leg,0.9999714551518384,0.9999332576818893,-3.819746994904172e-5
legs,0.9999726622554943,0.9999323108681404,-4.035138735392074e-5
less,0.9999701059638377,0.9999204449693223,-4.9660994515421386e-5
let,0.9999715189266563,0.9999270451310514,-4.447379560490461e-5
lie,0.9999674225610358,0.9999446097460434,-2.2812814992390074e-5
life,0.999955722494059,0.9999459611605677,-9.76133349128716e-6
lifted,0.9999612757281273,0.9999470851636366,-1.419056449070144e-5
light,0.9999245737968021,0.9999350589577429,1.0485160940820748e-5
lights,0.999946596496416,0.999944328930746,-2.2675656700110736e-6
like,0.9999599292345503,0.9999460227150888,-1.3906519461537314e-5
liked,0.999961898019756,0.9999462658047704,-1.5632214985572546e-5
line,0.9999727259854636,0.999934283046531,-3.8442938932625736e-5
lips,0.9997759617274978,0.9998354360912901,5.9474363792277884e-05
listen,0.9999735673734476,0.9999347668060414,-3.8800567406127584e-5
listening,0.9999728511686901,0.9999406193885845,-3.223178010558492e-5
lit,0.9999008537899058,0.9999210013239799,2.0147534074088647e-5
little,0.9999605041973754,0.9999463494307989,-1.4154766576512934e-5
live,0.9999707667931484,0.9999396840405058,-3.1082752642630496e-5
lived,0.9999705576912741,0.9999418910495229,-2.8666641751162736e-5
lives,0.999972132551406,0.9999375987252402,-3.453382616580569e-5
living,0.9999315620165218,0.999937520100509,5.958083987178675e-6
ll,0.999753561829053,0.9998154984645535,6.193663550058126e-5
local,0.9998713919320796,0.9999038355740477,3.2443641968082915e-5
long,0.9999443084899973,0.9999434593193017,-8.491706955382483e-7
longer,0.9999731485862515,0.9999307770244377,-4.2371561813858705e-5
look,0.999864985510091,0.9998999032490019,3.491773891095562e-5
looked,0.9999567264806049,0.9999469566922272,-9.769788377633759e-6
looking,0.9999193153217171,0.9999331329241575,1.3817602440457932e-5
looks,0.9999133240147062,0.9999294165260749,1.609251136869272e-5
loose,0.9999668593109418,0.9999466348321137,-2.022447882810141e-5
lord,0.9999501117952687,0.9999448550092708,-5.256785997942437e-6
lose,0.999972221526545,0.9999411372464341,-3.108428011089348e-5
lost,0.9999452261747586,0.999943731450611,-1.4947241475660178e-6
lot,0.9999226416480047,0.9999337914923457,1.1149844341029613e-5
love,0.9999719958284844,0.9999368044960409,-3.519133244345163e-5
loved,0.9999717783222463,0.9999397369878507,-3.204133439560497e-5
low,0.9998750529166538,0.9999058895875583,3.083667090453268e-5
m,0.9993546542379745,0.9994864315292479,1.3177729127333837e-4
machine,0.9999703038896588,0.99994494770476,-2.5356184898850387e-5
made,0.9999702210570414,0.9999429863369453,-2.7234720096025455e-5
main,0.9999364408474203,0.9999409240754212,4.483228000951023e-6
make,0.9999673866312787,0.999944840345249,-2.2546286029712093e-5
makes,0.9999700928133853,0.9999433183452865,-2.677446809884465e-5
making,0.9999209385790733,0.9999335923603375,1.2653781264249098e-5
man,0.9999594638785843,0.9999459199453238,-1.354393326047365e-5
managed,0.9999716617588372,0.999942189789353,-2.9471969484218263e-5
many,0.9999247536070762,0.9999356177077896,1.0864100713381397e-5
map,0.9996308036230939,0.9997228220708533,9.201844775941215e-5
maria,0.9999293288496678,0.9999375669704735,8.23812080574804e-6
marie,0.9999693508322517,0.9999455827094794,-2.3768122772271916e-5
marion,0.9999531230958831,0.999947262668724,-5.86042715911006e-6
mark,0.9999370994263197,0.9999396161101983,2.5166838786283563e-6
married,0.9999730833201375,0.9999402069694949,-3.287635064253003e-5
mary,0.9999094100994853,0.9999266771550946,1.7267055609337945e-5
matt,0.9999442660030775,0.9999429941474439,-1.271855633588892e-6
matter,0.9999733831874281,0.999935378994732,-3.800419269617272e-5
may,0.9997716067795093,0.99983363960471,6.203282520067521e-5
maybe,0.9999474044858471,0.9999452861666296,-2.1183192174811794e-6
me,0.9999671767559851,0.9999176871835438,-4.948957244133023e-5
mean,0.9999716493814979,0.9999273844821999,-4.4264899297985494e-5
meant,0.9999728687046872,0.9999307625245226,-4.2106180164536156e-5
meet,0.9999620431794511,0.9999006078952968,-6.143528415436528e-5
meleager,0.9999699439580335,0.9999179439687107,-5.199998932281513e-5
men,0.9999576884469384,0.9998942360239441,-6.345242299432563e-5
met,0.9999720558763486,0.9999319714926969,-4.0084383651772804e-5
middle,0.9999534676149519,0.9999461377120109,-7.329902940944599e-6
might,0.9999186917470217,0.9999324615112963,1.3769764274584873e-5
mike,0.9999567548631287,0.9999459912653071,-1.076359782159475e-5
milo,0.9998103494329575,0.999862512241499,5.2162808541478256e-5
mind,0.9999396694433964,0.9999416113659992,1.9419226028327685e-6
mine,0.9999725529257182,0.9999358390168782,-3.671390883996928e-5
minute,0.9999676787880167,0.9999461741343062,-2.150465371053567e-5
minutes,0.9999700220107308,0.9999451195115122,-2.4902499218604213e-5
mirror,0.9999637848613668,0.9999456239671144,-1.8160894252439164e-5
miss,0.9999327427335517,0.9999372752172135,4.532483661834341e-6
mm,0.9994646647838391,0.9995829257814731,1.182609976340121e-4
moe,0.9999684382203873,0.9999444947340546,-2.3943486332722586e-5
mom,0.9997573003323722,0.999823087660074,6.578732770179396e-5
moment,0.9999693735298798,0.9999452656135037,-2.4107916376081562e-5
money,0.9999687642085391,0.9999454456419028,-2.331856663628784e-5
month,0.9999640838992164,0.9999476051227248,-1.6478776491579694e-5
months,0.9999685517853385,0.9999465682811418,-2.1983504196687598e-5
more,0.9999728401753943,0.9999393578920481,-3.348228334620895e-5
morning,0.9999664909720569,0.9999466908731589,-1.980009889801515e-5
most,0.999940088258877,0.999942238573563,2.1503146859780387e-6
mother,0.9999737826953978,0.9999373672636431,-3.641543175469941e-5
mouth,0.9999073344336193,0.9999267949191284,1.9460485509048553e-5
move,0.9999716887956239,0.9999388672810344,-3.2821514589498335e-5
moved,0.9999710940260312,0.9999415164103632,-2.957761566801942e-5
moving,0.9999369913138845,0.9999412129306927,4.221616808242068e-6
mr,0.9999429348330806,0.9999364631889742,-6.471644106387231e-6
mrs,0.9999672093469569,0.9999402185220803,-2.6990824876671482e-5
much,0.9998186519470792,0.9998673092209955,4.865727391634156e-5
music,0.9998310877775558,0.9998761245170417,4.5036739485859734e-5
must,0.9999182351698491,0.9999312814424617,1.3046272612560195e-5
my,0.9991561828377069,0.9993190622206956,1.6287938298864546e-4
myself,0.9999445406750908,0.9999437738878414,-7.667872493621886e-7
n,0.999880366941097,0.9997819690942126,-9.839784688447928e-5
n't,0.9999470906404848,0.9998779026106203,-6.918802986455308e-5
na,0.9999682141017738,0.9999258203287809,-4.2393772992976864e-5
name,0.9999711383090374,0.9999253093552448,-4.582895379257046e-5
names,0.9999717940520632,0.9999259567235016,-4.5837328561559865e-5
nature,0.9999715691585087,0.9999234484303436,-4.812072816506863e-5
near,0.9999521426434186,0.9998816458701717,-7.049677324688641e-5
nearly,0.9999733798400625,0.9999348606936116,-3.851914645092158e-5
neck,0.9999560513308089,0.9998906696260315,-6.53817047774341e-5
need,0.9999242114963813,0.9998371213434659,-8.709015291541444e-5
needed,0.9999320259236316,0.9998489717199662,-8.305420366538918e-5
nepivoda,0.999963059981182,0.9999479782028422,-1.5081778339753882e-5
never,0.999893555970443,0.9997925709692537,-1.0098500118937981e-4
new,0.9999321213330121,0.9998503082624363,-8.181307057586462e-5
news,0.9999456726524708,0.9998711193557556,-7.455329671524069e-5
next,0.999952930003267,0.9998837366337352,-6.919336953181698e-5
nice,0.9999709656852538,0.9999247773738382,-4.6188311415562566e-5
night,0.9999687268109096,0.9999447478209887,-2.3978989920903082e-5
nights,0.9999713076756027,0.9999428730990332,-2.8434576569535963e-5
no,0.99996838447623,0.9999377183687643,-3.066610746571552e-5
nobody,0.9999303731798646,0.9999390242037112,8.651023846617534e-6
nodded,0.9999700718257373,0.9999240647422599,-4.600708347735072e-5
noise,0.9999733829444222,0.9999329947077928,-4.0388236629329555e-5
none,0.9999531519913325,0.9998852805601836,-6.7871431148947e-5
nor,0.9999699391832926,0.9999238319646646,-4.610721862796652e-5
normal,0.9999527561207269,0.9999469501336512,-5.805987075668817e-6
north,0.9999725683019814,0.9999301335604175,-4.243474156395699e-5
not,0.9999709098265082,0.9999392582359872,-3.165159052098687e-5
notes,0.9999693237500953,0.999916914039129,-5.240971096631686e-5
nothing,0.9999699760994843,0.9999447672878634,-2.520881162093591e-5
notice,0.9999723239383794,0.9999412839776491,-3.103996073028359e-5
noticed,0.9999723684682431,0.99994190959484,-3.0458873403138575e-5
now,0.9999660878466906,0.9999431373286003,-2.2950518090314453e-5
number,0.9999725698637622,0.9999349704653056,-3.759939845660032e-5
o,0.9998950431895525,0.999916840763679,2.1797574126569685e-5
of,0.9997857221629751,0.9998432081267579,5.7485963782744065e-5
off,0.9997951701052216,0.9998492955287904,5.412542356886263e-5
offer,0.9999709378462875,0.9999403385594684,-3.0599286819144034e-5
offered,0.9999718390079324,0.9999259906962747,-4.5848311657659124e-5
office,0.9999402929343463,0.9999420209049726,1.7279706263639838e-6
often,0.9999727699848523,0.9999312488400416,-4.152114481070779e-5
oh,0.9999528198828405,0.9999449142572406,-7.90562559982444e-6
okay,0.9998622459115294,0.9998984019971783,3.615608564888628e-5
old,0.9999024835616949,0.9999228412398107,2.0357678115812128e-5
older,0.9999733037078689,0.9999372323620528,-3.6071345816068856e-5
on,0.9999681256823335,0.9999396804512185,-2.8445231115004077e-5
once,0.9999689941135306,0.9999184455428161,-5.0548570714514796e-5
one,0.9999608408158656,0.9998993518782266,-6.148893763890939e-5
ones,0.9999648489902903,0.9999068877894752,-5.796120081502654e-5
only,0.9999252849933825,0.9999360435330128,1.0758539630284503e-5
onto,0.9999630209588489,0.9999468270647347,-1.6193894114224783e-5
open,0.9999689360136831,0.9999447790956304,-2.4156918052686827e-5
opened,0.9999724556033505,0.999929105175292,-4.335042805847511e-5
or,0.9999654472931789,0.9999428320114171,-2.261528176183969e-5
order,0.9999658064204516,0.9999082068002478,-5.75996202037965e-5
other,0.9999708355357466,0.9999208149782962,-5.0020557450403125e-5
others,0.9999711232050867,0.999920894802561,-5.0228402525775984e-5
our,0.9999354000676879,0.9999393847633786,3.98469569073967e-6
out,0.9999074470004138,0.9999256970003108,1.8249999896968738e-5
outside,0.9999641896162846,0.9999475781677126,-1.6611448572012577e-5
over,0.9999598813976132,0.9998965116702323,-6.336972738085755e-5
own,0.9999674645617117,0.9999416978235218,-2.5766738189880734e-05
p,0.9947311971702696,0.9951977897778804,4.6659260761083843e-4
pack,0.9996729188454493,0.999755409572814,8.249072736465912e-5
pages,0.9999628873896595,0.9999464615202373,-1.642586942229851e-5
paid,0.9997990893702212,0.9998534702620361,5.438089181486472e-5
pain,0.9998969760766034,0.9999201931358802,2.321705927676998e-5
pair,0.9998772533700749,0.9999071924657907,2.9939095715803e-5
pale,0.9999424131837845,0.9999426462962826,2.3311249808255496e-7
palm,0.9996699063273774,0.999754232253041,8.432592566365305e-5
paper,0.9999408523371627,0.9999417213121532,8.689749905199662e-7
parents,0.9999735682176163,0.9999326395252776,-4.092869233873753e-5
park,0.9998826609661916,0.9999097703384516,2.7109372260025744e-5
part,0.9999335602748651,0.9999384599617278,4.899686862680497e-6
party,0.9999032253714015,0.9999232878504256,2.0062479024085533e-5
pass,0.9999236359164346,0.999933022516887,9.386600452354621e-6
passed,0.9999694102388718,0.9999439773013076,-2.5432937564184854e-5
past,0.9999152033040544,0.9999296689160984,1.4465612043990106e-5
patrn,0.9999638802784605,0.999946507838258,-1.737244020250106e-5
paused,0.9999535530898015,0.999946166645875,-7.386443926504782e-6
pay,0.9995885622871865,0.9996881389087898,9.957662160331449e-5
people,0.9999484009838013,0.9999448758272858,-3.525156515582495e-6
perfect,0.9999731695213513,0.99993269218947,-4.047733188128344e-5
perhaps,0.9999601605750679,0.9999473628731013,-1.2797701966604791e-5
person,0.9999736223012422,0.9999354736869676,-3.8148614274646775e-5
phaedra,0.9999695990891022,0.9999451452732009,-2.4453815901326337e-5
phone,0.9999717412396276,0.9999422662662377,-2.9474973389898018e-5
pick,0.9994852094399607,0.9996008690923871,1.1565965242643639e-4
picked,0.9999296562610334,0.9999369122999758,7.256038942471399e-6
picture,0.9999484608237282,0.9999448543652525,-3.606458475746699e-6
pink,0.9998470151340977,0.9998869379512563,3.9922817158588586e-5
place,0.9999351738060864,0.9999397239985055,4.550192419072729e-6
places,0.9999496824710616,0.9999451269879075,-4.555483154145001e-6
plastic,0.9998834078683613,0.9999115361010833,2.812823272202447e-5
play,0.9996385792455299,0.9997288744682555,9.029522272563373e-5
please,0.9999726186105282,0.999940330256257,-3.2288354271270414e-5
pleasure,0.9999715251093566,0.9999432504684781,-2.8274640878511725e-5
pocket,0.9999459395337278,0.9999442591319248,-1.6804018030391887e-6
point,0.9999152835739342,0.9999309773977577,1.5693823823492714e-5
pointed,0.9999636754611015,0.999947796703187,-1.5878757914533637e-5
polaski,0.9998529164820441,0.9998919859220432,3.90694399990954e-5
police,0.9999108586988885,0.9999282508477645,1.739214887597207e-5
pool,0.9997689850691209,0.9998316262905795,6.264122145860362e-5
porch,0.9999114789006872,0.999928471094518,1.6992193830778213e-5
possible,0.9999410230149492,0.9999429825881706,1.959573221355093e-6
post,0.9999044770005165,0.9999242998025836,1.982280206702658e-5
power,0.9999666570044986,0.9999462304344847,-2.0426570013887257e-5
present,0.9999642659782713,0.9999040915792348,-6.0174399036494464e-5
pressed,0.9999685820973331,0.9999143603174113,-5.422177992175925e-5
pretty,0.9999674038792672,0.999945038902661,-2.2364976606237263e-5
price,0.9999587097739685,0.9999461078361835,-1.260193778496177e-5
private,0.9999680060862906,0.999945902973083,-2.2103113207605496e-5
probably,0.9998302773091227,0.9998769053930692,4.662808394650941e-5
problem,0.9999316204406208,0.9999394172119873,7.796771366530564e-6
public,0.9995506264129328,0.999656779325863,1.0615291293025741e-4
pull,0.9994529259033211,0.9995739295035179,1.2100360019673406e-4
pulled,0.9999030830229806,0.9999230137611279,1.993073814732238e-5
pushed,0.9999620193781874,0.9999470245555075,-1.4994822679859077e-5
put,0.9996835049381606,0.999763521088167,8.001615000641227e-5
putting,0.9999103474309967,0.9999274668932706,1.7119462273895714e-5
question,0.9999713481098973,0.9999436042478163,-2.774386208104218e-5
questions,0.9999720442076123,0.999942521990467,-2.9522217145361296e-5
quick,0.9996909876607439,0.9997688671337023,7.787947295834208e-5
quickly,0.9996750631439071,0.9997576544781355,8.259133422838794e-5
quiet,0.9999650051181916,0.9999451544375045,-1.9850680687105715e-5
quite,0.9999660618733025,0.999945023385531,-2.103848777146311e-5
rain,0.9999716014871024,0.999940522580287,-3.107890681541825e-5
ran,0.9999651186200796,0.9999094208088535,-5.569781122616302e-5
rang,0.9999707980490753,0.9999259754854876,-4.4822563587731956e-5
rather,0.9999648645903236,0.9999054802936602,-5.938429666341172e-5
re,0.9999068422918816,0.9998112128706765,-9.562942120511231e-5
reach,0.9999693216948317,0.9999173756427856,-5.1946052046059066e-5
reached,0.99996466496838,0.9999052691794286,-5.9395788951421835e-5
read,0.9999661222405899,0.9999088840630677,-5.7238177522234146e-5
reading,0.9999734409625594,0.9999311650470221,-4.227591553729315e-5
ready,0.9999730485044055,0.9999335995166052,-3.94489878002835e-5
real,0.9999726270173652,0.9999282392868497,-4.438773051551603e-5
realized,0.9999733799737596,0.9999308631094873,-4.2516864272257315e-5
really,0.9999628569864876,0.9999467309545086,-1.6126031978980215e-5
reason,0.9999701903658685,0.999918718151937,-5.1472213931536004e-5
red,0.9999397258884252,0.9998605489478434,-7.917694058179325e-5
remember,0.9999621108103551,0.9999006502791594,-6.146053119571171e-5
remembered,0.9999591210447145,0.9998944759264157,-6.4645118298845e-5
rest,0.9999541595067281,0.9998842727225994,-6.988678412866989e-5
restaurant,0.9999732215761691,0.9999293767775627,-4.384479860641832e-5
return,0.9999601633819918,0.9998962285354129,-6.393484657885029e-5
returned,0.9999582698382983,0.9998921872242196,-6.608261407869964e-5
ride,0.9999700090430795,0.9999191872395872,-5.082180349236243e-5
right,0.9999669019451154,0.9999457271220609,-2.1174823054526115e-5
ring,0.9999708773147821,0.9999376699783281,-3.320733645395535e-5
rising,0.9999663616307221,0.9999451926102998,-2.116902042226254e-5
river,0.999955059881136,0.9998866129376867,-6.844694344931845e-5
road,0.9999619061729227,0.9999467183724704,-1.5187800452287625e-5
robert,0.9999710006804252,0.9999224284617738,-4.857221865139927e-5
rock,0.9999450751796135,0.9999426857360573,-2.389443556238824e-6
rolled,0.9999691140883125,0.9999446674300863,-2.4446658226207063e-5
room,0.9999274499773949,0.9999369365344188,9.486557023929976e-6
rose,0.9999675672443021,0.999912002317836,-5.556492646618949e-5
round,0.9999670374295957,0.9999449749534577,-2.206247613800727e-5
ruby,0.9998416541858732,0.9998828357663558,4.118158048260767e-5
run,0.999968281004689,0.9999224855054213,-4.579549926775339e-5
running,0.999971312203313,0.9999298899660494,-4.142223726366634e-5
s,0.9999592076880848,0.9999198199886139,-3.938769947087195e-5
said,0.9999460330161487,0.9999435938936992,-2.439122449460207e-6
sam,0.9999321806550322,0.99993788907579,5.708420757755128e-6
same,0.9999726795076079,0.9999376294562412,-3.505005136672512e-5
sand,0.9999718995910735,0.9999329515062867,-3.894808478677181e-5
sat,0.9999678344509357,0.9999438587243682,-2.397572656753777e-5
save,0.9999613833528502,0.9998996956110777,-6.168774177250924e-5
saw,0.9999584041781984,0.9999441428696693,-1.4261308529106564e-5
say,0.999931543270077,0.9999373673890921,5.824119015063189e-6
saying,0.9999482308208321,0.9999452766856896,-2.9541351425077522e-6
says,0.9999524567346485,0.9999440411199993,-8.41561464914875e-6
school,0.9999348925894485,0.999940556569779,5.663980330528062e-6
sea,0.9999672109680484,0.9999120698200125,-5.514114803595316e-5
seat,0.9999708638349665,0.9999214790909219,-4.938474404458937e-5
second,0.9999719163240227,0.9999260026479179,-4.591367610484731e-5
seconds,0.9999718124517379,0.9999254277134704,-4.6384738267568615e-5
secret,0.9999541901262524,0.9998843337944949,-6.985633175748962e-5
security,0.9999655283127544,0.9999469678034468,-1.8560509307596895e-5
see,0.9999252252953207,0.9998380739663507,-8.715132896996991e-5
seem,0.9999575545929271,0.9998917629808821,-6.57916120450075e-5
seemed,0.9999539760766848,0.9998848864722717,-6.90896044130973e-5
seems,0.9999612140718157,0.9998986453077353,-6.256876408039513e-5
seen,0.9999208855735053,0.999831845937147,-8.903963635831236e-5
self,0.9999719413825834,0.9999372960891721,-3.4645293411239564e-5
sense,0.9999333525663842,0.9998505547925407,-8.27977738434571e-5
sent,0.9999507478332695,0.9998791272925093,-7.162054076026436e-5
serious,0.9999712230164256,0.9999436180100311,-2.7605006394537668e-5
service,0.9999615820704814,0.9998985530158061,-6.302905467525655e-5
set,0.9999588404956495,0.9998935355076629,-6.530498798662521e-5
seven,0.9999123564792959,0.9998193707419294,-9.298573736649107e-5
several,0.9999640271280706,0.9999035648087214,-6.04623193491971e-5
sex,0.9999490573985674,0.9998771318529358,-7.192554563162368e-5
shade,0.9999713533090342,0.9999228293831427,-4.852392589149712e-5
shadow,0.9999594650033309,0.9999476751701546,-1.178983317629001e-5
shadows,0.9999646009613083,0.9999472029698586,-1.73979914497302e-5
share,0.9999657581668562,0.9999074017228171,-5.8356444039064925e-5
sharp,0.9999541781115937,0.9999461308935635,-8.047218030160508e-6
she,0.9999494437033262,0.9998768584785596,-7.258522476660811e-5
shirt,0.9999722057322327,0.9999413014631803,-3.0904269052389743e-5
shit,0.9999639322966124,0.9999464126871292,-1.751960948315201e-5
shook,0.9999474365130564,0.9999449905931439,-2.4459199124970965e-6
shop,0.9999099101335382,0.99992784926517575,1.793913163750105e-5
short,0.9999730130122844,0.999939376606342,-3.3636405942338854e-5
should,0.999931591356723,0.9999390031185695,7.411761846487508e-6
shoulder,0.9999713893187752,0.9999442666121521,-2.7122706623083914e-5
shoulders,0.9999723209656288,0.9999426259907543,-2.969497487448347e-5
show,0.9999632847360124,0.9999465404283598,-1.6744307652527546e-5
showed,0.9999733192076448,0.9999332273976964,-4.009180994835049e-5
shower,0.9999712067280717,0.9999218024628527,-4.9404265219044063e-5
shrugged,0.9999735040308155,0.9999345814927851,-3.8922538030394804e-5
shuck,0.9999243819089358,0.9999337610758705,9.37916693466434e-6
shut,0.9999614783763576,0.9999460297257972,-1.5448650560467847e-5
shy,0.999949967833553,0.9999427711641337,-7.196669419395896e-6
sick,0.999908750556751,0.9999249040826058,1.615352585482288e-5
side,0.9999727586710853,0.9999311488119852,-4.160985910006687e-5
sight,0.9999600095673766,0.9999466472769662,-1.3362290410379174e-5
sign,0.999967476811971,0.9999435679729458,-2.390883902514407e-5
silence,0.999971359606345,0.9999226856642269,-4.867394211804932e-5
silent,0.9999735295587682,0.9999348588446375,-3.867071413066192e-5
simple,0.9999218987591832,0.9999340526692958,1.2153910112555621e-5
simply,0.9997078674780137,0.9997843052593651,7.643778135146828e-5
since,0.9999708444304442,0.9999222445902713,-4.859984017280272e-5
single,0.9999733184606856,0.9999381312206471,-3.518724003848117e-5
sir,0.9999692454963598,0.9999403764497395,-2.886904662025014e-5
sister,0.9999711369343158,0.9999211372891017,-4.999964521412714e-5
sit,0.9999567084486755,0.9999448687447954,-1.1839703880078822e-5
sitting,0.9999618759081457,0.9999464308206061,-1.5445087539589508e-5
six,0.9999151410462356,0.9999265476126429,1.1406566407301533e-5
size,0.9999708061537989,0.9999248219372835,-4.598421651536011e-5
skin,0.9999650500875952,0.9999434382655829,-2.1611822012324033e-5
sky,0.9998858477257818,0.9999100728012944,2.4225075512585015e-5
sleep,0.9999731003352201,0.9999335823158857,-3.95180193344391e-5
slightly,0.9999103943436956,0.9999277438443127,1.7349500617158675e-5
slow,0.9999293826241603,0.9999369809187241,7.598294563759822e-6
slowly,0.9998797715790338,0.999909304950577,2.9533371543100095e-5
small,0.9998887083393722,0.9999145291784712,2.582083909907773e-5
smell,0.9999598299613596,0.999946111482266,-1.3718479093594027e-5
smile,0.9999603063033506,0.9999472446236404,-1.3061679710268947e-5
smiled,0.999960505172929,0.999947354689336,-1.3150483592960782e-5
smoke,0.9999683607544808,0.9999458030353429,-2.2557719137950016e-5
snake,0.9999666726739853,0.9999112614574205,-5.541121656482684e-5
snow,0.999970946000312,0.9999403094068081,-3.063659350388548e-5
so,0.9999530324893171,0.9999445622409512,-8.470248365921584e-6
soft,0.999947465127375,0.9999441498265929,-3.3153007821251634e-6
some,0.9999709688398069,0.9999435032379054,-2.74656019014774e-5
somehow,0.9999672133871021,0.9999472429141665,-1.997047293567089e-5
someone,0.9999726501038031,0.9999285547046446,-4.40953991585058e-5
something,0.9999714451709479,0.9999451077119549,-2.6337458993053176e-5
sometimes,0.9999716514884657,0.9999437781759488,-2.7873312516857318e-5
somewhere,0.9999667111920375,0.9999096628403727,-5.704835166475686e-5
son,0.9999715668707314,0.9999359210786086,-3.564579212278485e-5
song,0.999970227104693,0.9999422578937012,-2.7969210991796167e-5
soon,0.9999661890881326,0.999945707194732,-2.0481893400647877e-5
sorry,0.9999679951617508,0.9999437233001971,-2.4271861553737395e-5
sort,0.9999716948772168,0.999940662728353,-3.103214886379657e-5
sound,0.9999609420835726,0.9999468034993876,-1.4138584184975045e-5
sounded,0.9999726961360316,0.9999367259534602,-3.597018257139872e-5
sounds,0.9999659449073134,0.9999455499617302,-2.0394945583146473e-5
south,0.9999518139125614,0.9999462533105081,-5.560602053256147e-6
space,0.9999620869173473,0.9999464418012733,-1.5645116073992327e-5
speak,0.9999616674169894,0.9999462919191087,-1.53754978807763e-5
speaking,0.9999619508238811,0.9999475957604341,-1.4355063446935823e-5
spend,0.9999721669354695,0.9999294802288301,-4.268670663942764e-5
spent,0.9999730474945836,0.9999325841364037,-4.046335817986524e-5
spoke,0.9999562455462465,0.9999468107625773,-9.434783669215463e-6
stairs,0.9999695667819182,0.9999440143136482,-2.5552468269962603e-5
stand,0.9999727034371689,0.9999360012425409,-3.670219462803548e-5
standing,0.9999718504687339,0.9999423422824117,-2.950818632219132e-5
stare,0.9999682070718251,0.9999129963075337,-5.5210764291380166e-05
stared,0.9999704508298122,0.9999189972615672,-5.1453568244985703e-5
staring,0.9999718064140711,0.999943065992895,-2.874042117617659e-5
start,0.9999724437763942,0.9999370905114743,-3.535326491987956e-5
started,0.9999719342096056,0.9999239958285484,-4.793838105721093e-5
state,0.9999723719424309,0.9999274034462239,-4.496849620705401e-5
station,0.9999647055587844,0.9999474154616189,-1.7290097165445495e-5
stay,0.9999471128083546,0.9999438378328118,-3.274975542755243e-6
stayed,0.9999725130413519,0.9999408541326205,-3.1658908731468927e-5
step,0.9999714312717406,0.9999410430224062,-3.0388249334434292e-5
stepped,0.9999701696571517,0.9999436368268357,-2.6532830315950662e-5
steps,0.9999721731540461,0.9999386213171759,-3.355183687014929e-5
stick,0.9999351580005674,0.9999387237845418,3.565783974424086e-6
still,0.9999191459017391,0.9999316517934502,1.2505891711089845e-5
stomach,0.9999469624148142,0.9999454645033218,-1.4979114923985293e-6
stone,0.99996882516827,0.9999156467404549,-5.3178427815159246e-5
stood,0.9999543518564713,0.9999464027446943,-7.949111777039164e-6
stop,0.9999035065028206,0.9999237468809032,2.0240378082680976e-5
stopped,0.9999416753544447,0.9999429239723459,1.2486179011839127e-6
store,0.9999706589782745,0.9999198615531008,-5.079742517377639e-5
story,0.9999616122474025,0.9999469149540156,-1.469729338698933e-5
straight,0.999968170345846,0.9999461968607621,-2.1973485083814914e-5
strange,0.9999677365124817,0.9999117682940156,-5.59682184660959e-5
street,0.9999531742987798,0.9998826037118588,-7.057058692105933e-5
strong,0.9999732801424246,0.9999356258554514,-3.765428697322104e-5
stuck,0.9999259530286561,0.9999344250999882,8.472071332144004e-6
students,0.9999720537006427,0.9999255915256356,-4.646217500703376e-5
study,0.9999250230907394,0.9999346978503317,9.674759592348536e-6
stuff,0.9998936338774458,0.9999161135318458,2.247965440005384e-5
stupid,0.9998740699825589,0.9999052525491567,3.118256659784269e-5
such,0.9999377247285869,0.999939896468125,2.1717395380926874e-6
suddenly,0.9999691049758066,0.9999449565623167,-2.414841348985508e-5
suit,0.9999257555640485,0.9999346904316042,8.934867555709936e-6
summer,0.9999667786032927,0.9999458398838087,-2.093871948405379e-5
sun,0.9999680720670929,0.9999374575849713,-3.061448212160478e-5
supposed,0.999925781672966,0.9999357413867049,9.959713738960652e-6
sure,0.9999670408306316,0.9999110796048829,-5.596122574869078e-5
surface,0.9999708509968848,0.9999432289006214,-2.762209626339107e-5
susan,0.9999687227763254,0.9999426565765711,-2.6066199754315456e-5
sweet,0.9999545430373274,0.9998854835097662,-6.905952756119937e-5
system,0.9999713285991481,0.9999421836117407,-2.9144987407359046e-5
t,0.9999603158574458,0.9999284810617632,-3.183479568258374e-5
table,0.9999685130975198,0.999945380415504,-2.3132682015813977e-5
take,0.999972441425701,0.9999322281686311,-4.021325706982104e-5
taken,0.9999700250358092,0.9999202104636107,-4.981457219854768e-5
takes,0.9999728549674596,0.9999303607811849,-4.249418627466639e-5
taking,0.99995417781165985,0.9999462744270472,-7.903384612650832e-6
talk,0.9999189141657567,0.9999311279442747,1.2213778518010976e-5
talked,0.9999693661881123,0.9999442485916157,-2.5117596496593286e-5
talking,0.9999430080537561,0.9999432912822088,2.8322845269102004e-7
tall,0.9999113742156917,0.9999271831046975,1.580888900587496e-5
team,0.9999720783936443,0.9999405713507407,-3.150704290366679e-5
tears,0.9999682373156293,0.9999131268341805,-5.51104814487946e-5
teeth,0.999956970686051,0.9998903094715064,-6.666121454468321e-5
tell,0.9999689202244284,0.9999420890004423,-2.6831223986056862e-5
telling,0.9999676853465096,0.9999458627486177,-2.1822597891851814e-5
tells,0.9999709540333978,0.9999413242303058,-2.9629803091957285e-5
ten,0.9999414633427657,0.9998641753836821,-7.728795908357178e-5
test,0.9999665563447241,0.9999102724962926,-5.628384843148204e-5
than,0.9999721253726801,0.9999306040648425,-4.152130783763308e-5
thank,0.999971436343558,0.999940663368014,-3.0772975543991166e-5
that,0.9999683941223062,0.9999435076595431,-2.4886462763107353e-5
the,0.9999557948975513,0.9998886409147218,-6.715398282941543e-5
their,0.999971719716876,0.9999232479427733,-4.8471774102720744e-5
them,0.9999724791481401,0.999929900223383,-4.257892475711955e-5
themselves,0.9999665545460106,0.9999091959271557,-5.735861885491911e-5
then,0.9999499817736532,0.9998783475910218,-7.16341826314526e-5
there,0.9999428393326139,0.9998652488642226,-7.759046839128647e-5
these,0.9999521326624132,0.9998811858355673,-7.094682684594122e-5
they,0.99997122024791385,0.9999254538399742,-4.576640793962916e-5
thick,0.999934477911984,0.9999390408385135,4.562926529505518e-6
thief,0.9999718199193819,0.999941793291462,-3.0026627919843563e-5
thin,0.9999711733195861,0.999941315165761,-2.985815382505752e-5
thing,0.9999690317697645,0.9999444139936683,-2.4617776096191868e-5
things,0.9999716929405316,0.9999425325941056,-2.916034642597154e-5
think,0.9999681586300001,0.999944352683787,-2.380594621309573e-5
thinking,0.9999656033589462,0.9999463190139751,-1.928434497111553e-5
thinks,0.9999706022315962,0.9999434600978981,-2.7142133698032644e-5
third,0.9999689111769486,0.9999445829845071,-2.4328192441580576e-5
thirty,0.9999595110760515,0.9999467265265105,-1.2784549541011714e-5
this,0.9999654894694691,0.99994588885658,-1.9600612889081326e-5
those,0.999972991745281,0.9999289909823743,-4.4000762906670765e-5
though,0.999945151870649,0.9999441966312723,-9.552393767098266e-7
thought,0.9999518491690882,0.9999461875584855,-5.6616106026696755e-6
thoughts,0.9999594889161179,0.9999475573681453,-1.1931547972521273e-5
three,0.9999437807613463,0.9998667829867126,-7.699777463365809e-5
threw,0.9999621607104527,0.9999000642424459,-6.209646800681146e-5
through,0.9999610982248082,0.9999475146367159,-1.3583588092225263e-5
tight,0.9999553793906328,0.9999456829150339,-9.69647559889708e-6
till,0.9998761793608058,0.9999057526013331,2.957324052732524e-5
time,0.9999667175286082,0.9999461681130166,-2.054941559159751e-5
times,0.9999705110751707,0.9999440154008319,-2.649567433876676e-5
timothy,0.9999167915051664,0.9999320849062164,1.5293401049998323e-5
tiny,0.9999490886776807,0.9999445955407625,-4.493136918193308e-6
tired,0.9999724720002362,0.9999265851563398,-4.588684389639219e-5
to,0.9999453759208784,0.999942992383695,-2.3835371834035612e-6
today,0.9999246452250562,0.9999356790311972,1.1033806140980928e-5
together,0.9999695715205099,0.999916747725131,-5.282379537896453e-5
told,0.9999303110518243,0.9999378333080357,7.522256211367484e-6
tomorrow,0.9999529015554596,0.9999465125206091,-6.389034850506903e-6
tongue,0.9999725345126111,0.9999406712320691,-3.1863280542054895e-5
too,0.9999371048762199,0.9999406130251054,3.5081488855004395e-6
took,0.9999268892144757,0.9999361990298352,9.309815359515028e-6
top,0.9998414784415921,0.999883760284418,4.228184282595304e-5
touch,0.9999261679608662,0.9999361754770815,1.0007516215271295e-5
toward,0.99996367970909406,0.9999472655140587,-1.6414195035396872e-5
town,0.9999689062568764,0.9999432109703932,-2.5695286483218283e-5
train,0.9999717796545721,0.9999419439434689,-2.9835711103154416e-5
tree,0.9999354992621666,0.9998534836549978,-8.201560716880607e-5
trees,0.9999440076692059,0.9998668618281291,-7.714584107676448e-5
tried,0.9999723834988297,0.9999264083211922,-4.5975177637491704e-5
true,0.9999695020849366,0.9999178747035782,-5.162738135844336e-5
truth,0.9999683565159391,0.9999436058032584,-2.4750712680710052e-5
try,0.999961407236557,0.9999425567973127,-1.885043924432228e-5
trying,0.9999632335027231,0.9999466242452862,-1.6609257436850378e-5
turn,0.9999716191040442,0.9999305641143853,-4.10549896588952e-5
turned,0.9999679666095128,0.9999134527313847,-5.4513878128159554e-5
turning,0.9999712334421013,0.9999415969091563,-2.9636532944965488e-5
turns,0.9999725944759755,0.9999309237613921,-4.1670714583386115e-5
tv,0.9999545624573398,0.9999013354508579,-5.322700648191514e-5
twenty,0.9999714663857091,0.9999257284218036,-4.573796390550111e-5
two,0.9999391840412437,0.9999410254314206,1.8413901768932206e-6
under,0.9999620514618001,0.9999007285627838,-6.132289901628063e-5
understand,0.9999712484402001,0.9999223792905501,-4.886914965007705e-5
understood,0.999973022746392,0.9999400726248197,-3.295012157233934e-5
university,0.9999708376741341,0.9999442730033135,-2.6564670820627967e-5
until,0.9999276821598092,0.9999367036779077,9.021518098450976e-6
up,0.9982369330090101,0.9984898408339463,2.5290782493625485e-4
upon,0.9998483522031074,0.9998890290499071,4.067684679964767e-5
us,0.9999116765635052,0.9999232931509359,1.1616587430651748e-5
use,0.9999697832259771,0.9999207988584763,-4.898436750078172e-5
used,0.9999723349006163,0.9999307940237258,-4.1540876890566736e-5
usual,0.9998627383240423,0.9998974199572226,3.468163318032236e-5
usually,0.9998226016901415,0.999870262741895,4.766105175357804e-5
vasaro,0.9999678864822841,0.9999447679255962,-2.3118556687906633e-5
ve,0.9998683669166433,0.9997598465607294,-1.085203559139103e-4
very,0.9999506956348652,0.9998803159186256,-7.037971623957695e-5
view,0.9999701195622976,0.9999248647287773,-4.525483352035842e-5
violet,0.9999668510809857,0.9999464505037945,-2.040057719121524e-5
visit,0.999946639795554,0.9999425723861277,-4.0674094262671545e-6
voice,0.9999691967266792,0.9999440429308505,-2.5153795828680714e-5
w,0.9998535245487365,0.9998663663310106,1.2841782274009006e-5
wait,0.9999345313229824,0.9999394308035452,4.899480562814418e-6
waited,0.9999706773860889,0.9999440529972677,-2.6624388821172573e-5
waiting,0.9999461252174817,0.9999442780645721,-1.8471529096286687e-6
walk,0.9998810795945541,0.9999091508242317,2.807122967762865e-5
walked,0.9999648076296934,0.9999461825919778,-1.8625037715658266e-5
walking,0.9999286242617571,0.9999370511011161,8.426839358977034e-6
wall,0.9998765150308137,0.9999057706641247,2.9255633311020546e-5
walls,0.9999180300283035,0.9999306749863006,1.2644957997132167e-5
want,0.9999712129038814,0.9999375144843198,-3.3698419561578596e-5
wanted,0.9999707135096984,0.9999214972133117,-4.921629638665603e-5
war,0.9999690038344797,0.9999390402573268,-2.9963577152902765e-5
warm,0.9999472268281179,0.9999435722180585,-3.654610059355967e-6
was,0.9999602435008524,0.9999441972998849,-1.6046200967512192e-5
washington,0.9999692880683538,0.9999463697133005,-2.2918355053302975e-5
watch,0.9999555310546708,0.9999459170736625,-9.613981008294026e-6
watched,0.9999731769858029,0.9999379551383784,-3.5221847424549146e-5
watching,0.9999594960170269,0.9999476642350238,-1.1831782003146607e-5
water,0.9999698813757606,0.999917939129493,-5.194224626758892e-5
way,0.9998666659316738,0.9998997539018207,3.308797014689446e-5
ways,0.9999277784393877,0.9999356767024311,7.898263043371045e-6
we,0.9999435368598627,0.9998687455823705,-7.479127749221437e-5
wearing,0.9999734125017142,0.9999311026468909,-4.2309854823341375e-5
week,0.9999456323550653,0.9998712220890374,-7.441026602783563e-5
weeks,0.9999539555443405,0.9998848692854823,-6.908625885826414e-5
weight,0.9999725870100129,0.9999406819815682,-3.19050284447453e-5
well,0.999964973498143,0.9999436134448948,-2.1360053248153932e-5
went,0.999954104671342,0.9998857570303986,-6.83476409434336e-5
were,0.9999253415138879,0.9998380107811075,-8.733073278044401e-5
west,0.9999656142187742,0.9999078890282315,-5.77251905427012e-5
what,0.9999639564813388,0.9999459174337133,-1.8039047625539872e-5
whatever,0.999960855651727,0.9998971822880016,-6.367336372536947e-5
when,0.9999432793489896,0.9998678144653778,-7.546488361187542e-5
whenever,0.9999223100501847,0.9998337569136599,-8.85531365247827e-5
where,0.9999385778265535,0.9998587781318369,-7.979969471660908e-5
whether,0.9999546352114285,0.9998857055016139,-6.892970981453583e-5
which,0.9999397336565782,0.9999409475808477,1.2139242695496932e-6
while,0.9999686418458271,0.9999451091429017,-2.3532702925432858e-5
whispered,0.9999740104024081,0.9999345787141126,-3.943168829545485e-5
white,0.9999731956941205,0.9999363382566192,-3.6857437501258694e-5
who,0.9999469042553424,0.9999438102997901,-3.09395555231351e-6
whole,0.9999709521590371,0.9999431832803675,-2.7768878669620634e-5
whom,0.9999131757908142,0.9999299078134933,1.6732022679155634e-5
whose,0.9999728128823647,0.9999300100395796,-4.2802842785127915e-5
why,0.9998884538011497,0.9999129631292543,2.4509328104604933e-5
wide,0.9999720926531872,0.9999371985084162,-3.489414477098052e-5
wife,0.9999656216660344,0.9999441369016786,-2.148476435581692e-5
wild,0.9998778710027566,0.9999072524163416,2.9381413584994576e-5
will,0.9998218663062431,0.9998686506632966,4.6784357053408776e-5
wind,0.9999624652860627,0.9999444892764375,-1.7976009625164657e-5
window,0.9999508865069373,0.9999452010573922,-5.6854495451563736e-6
windows,0.9999592124404735,0.9999469643571047,-1.224808336874883e-5
with,0.9999518175798783,0.9999452398721068,-6.577707771460162e-6
within,0.9999591435745508,0.9999468588844187,-1.2284690132147169e-5
without,0.9999353228225989,0.9999406514930604,5.328670461546281e-6
wo,0.9999116705352432,0.9999267094365369,1.503890129372909e-5
woman,0.9999459566668717,0.9999449042789272,-1.0523879444557238e-6
women,0.9999725766262766,0.9999371147881939,-3.5461838082673225e-5
wonder,0.9999678549912308,0.9999135273185241,-5.43276727066333e-5
wondered,0.9999631587017199,0.9999027243675295,-6.043433419045119e-5
wondering,0.9999730980618637,0.9999300586372061,-4.303942465766486e-5
woods,0.9999454748529606,0.9999439043712854,-1.5704816751505035e-6
word,0.9999648821057653,0.9999451047484355,-1.977735732983099e-5
words,0.9999692985362831,0.9999437043347793,-2.5594201503831293e-5
wore,0.9999696824995998,0.9999183927794274,-5.128972017243161e-5
work,0.9999550287330308,0.999944973865393,-1.005486763772101e-5
worked,0.9999729970893882,0.999934345948221,-3.865114116730073e-5
working,0.9999580643940326,0.9999470327999166,-1.103159411597332e-5
world,0.9999508191895001,0.9999453630182226,-5.456171277562483e-6
worry,0.99996136572352,0.9999452183892773,-1.6147334242710976e-5
would,0.999864078419409,0.9998991844393929,3.5106019983799364e-5
writing,0.9999624613791902,0.9999464686593227,-1.5992719867519156e-5
wrong,0.999971518868264,0.9999384766481182,-3.3042220145773626e-5
ye,0.9999671580026097,0.9999182351169027,-4.892288570701453e-5
yeah,0.9999722972782525,0.9999384141367123,-3.388314154029182e-5
year,0.9999723963437119,0.9999292960448231,-4.310029888887623e-5
years,0.9999725812801802,0.9999281792452569,-4.440203492328543e-5
yellow,0.9999389563712755,0.9999416410814734,2.6847101979310395e-6
yes,0.9999697946512501,0.9999211164376545,-4.8678213595665376e-5
yet,0.9999714041016539,0.9999290275757683,-4.237652588556795e-5
you,0.9997301949593126,0.9998017895991477,7.159463983508196e-5
young,0.9998977822043918,0.9999208895240205,2.3107319628623557e-5
your,0.9998957859547657,0.999919060976097,2.327502133125936e-5
yourself,0.9999543392312514,0.9999469843271813,-7.354904070111523e-6
